project_id,project_name,project_description,project_field_of_view,project_method,project_countries,project_protocol,project_global_region,project_organisations,site_id,site_name,site_latitude,site_longitude,site_depth,site_country,site_reef_name,site_exposure,site_reef_type,site_reef_zone,site_code,site_management,site_local_region,site_country_region,survey_id,survey_title,survey_description,survey_start_date (UTC),survey_collection_method,survey_depth,survey_transect_number,image_id,image_name,image_path,image_height,image_width,image_latitude,image_longitude,image_quality,image_disabled,point_id,point_num,point_machine_benthic_id,point_human_benthic_id,point_machine_classification,point_human_classification,point_machine_group_code,point_human_group_code,point_machine_benthic_code,point_human_benthic_code,QC_annotation,point_tags,point_coordinate,point_model_confidence,point_modified_by_displayname,point_modified_by_username,point_modified_by_email,model_data
1429,Tonga Benthic Surveys,National benthic surveys,50-100cm,"[""Dive""]","[""Tonga""]","[""Photo transects""]","[""Pacific""]","[""James Cook University"", ""Ministry of Fisheries - Tonga""]",43250,Vakaeitu,-18.72098333,-174.0979833,6,Tonga,NA,Very Sheltered,patch,fore reef,NA,Open,NA,Vavau,74270,Vavau_Vakaeitu_2024_Transect_3,NA,2024-10-27 10:06:00+00:00,Dive,5,3,5122223,PA272475.JPG,surveys/tonga-benthic-surveys/74270/3a2db8f0-73e6-4904-b27d-b0b6a686e8d4/PA272475.JPG,3000,4000,NA,NA,NA,FALSE,225276503,31,3594,NA,ta,,algae,,Turf algae,,,,"1205, 821",NA,,,,
1429,Tonga Benthic Surveys,National benthic surveys,50-100cm,"[""Dive""]","[""Tonga""]","[""Photo transects""]","[""Pacific""]","[""James Cook University"", ""Ministry of Fisheries - Tonga""]",43078,Lagoon Entrance 2,-21.114718,-175.103451,4,Tonga,NA,Sheltered,patch,fore reef,NA,Open,NA,Tongatapu,56049,Tongatapu_Lagoon Entrance 2_2018_Transect_3,NA,2018-10-12 11:00:00+00:00,Dive,4,3,4171175,DSCN8505.JPG,surveys/tonga-benthic-surveys/56049/80e79a6a-1303-4e0e-9dbd-c8536bff67d1/DSCN8505.JPG,3456,4608,NA,NA,NA,FALSE,177733564,19,3594,NA,ta,,algae,,Turf algae,,,,"2043, 1986",NA,,,,
1429,Tonga Benthic Surveys,National benthic surveys,50-100cm,"[""Dive""]","[""Tonga""]","[""Photo transects""]","[""Pacific""]","[""James Cook University"", ""Ministry of Fisheries - Tonga""]",43044,Haatafu FHR Town,-21.07089,-175.318779,5,Tonga,NA,Very Sheltered,fringing,fore reef,NA,FHR_2017,NA,Tongatapu,55979,Tongatapu_Haatafu FHR Town_2018_Transect_2,NA,2018-11-07 13:00:00+00:00,Dive,5,2,4168741,Haatafu FHR Town (44).JPG,surveys/tonga-benthic-surveys/55979/01f85cc1-aafb-4c24-8f94-afc48ab39a13/Haatafu FHR Town (44).JPG,3456,4608,NA,NA,NA,FALSE,177611140,13,3594,NA,ta,,algae,,Turf algae,,,,"1526, 1823",NA,,,,
1429,Tonga Benthic Surveys,National benthic surveys,50-100cm,"[""Dive""]","[""Tonga""]","[""Photo transects""]","[""Pacific""]","[""James Cook University"", ""Ministry of Fisheries - Tonga""]",43205,Sandy Beach Bommie,-19.720406,-174.284659,3,Tonga,NA,Very Sheltered,fringing,fore reef,NA,SMA_2018,NA,Haapai,74210,Haapai_Sandy Beach Bommie_2024_Transect_3,NA,2024-11-13 09:24:00+00:00,Dive,3,3,5117975,PB132132.JPG,surveys/tonga-benthic-surveys/74210/d77ad255-d5c1-45d7-a94f-1f4c78f231a9/PB132132.JPG,3000,4000,NA,NA,NA,FALSE,225064247,25,3594,NA,ta,,algae,,Turf algae,,,,"2156, 1752",NA,,,,
1429,Tonga Benthic Surveys,National benthic surveys,50-100cm,"[""Dive""]","[""Tonga""]","[""Photo transects""]","[""Pacific""]","[""James Cook University"", ""Ministry of Fisheries - Tonga""]",43015,Felemea FHR 1,-19.911852,-174.418412,2,Tonga,NA,Very Sheltered,fringing,fore reef,NA,FHR_2008,NA,Haapai,73621,Haapai_Felemea FHR 1_2024_Transect_3,NA,2024-10-14 10:00:00+00:00,Dive,1,3,5100730,PA142718.JPG,surveys/tonga-benthic-surveys/73621/ce2d98b6-e0f1-4daf-a970-f25d6d7ba06f/PA142718.JPG,3000,4000,NA,NA,NA,FALSE,224213999,27,3594,NA,ta,,algae,,Turf algae,,,,"2101, 665",NA,,,,
1429,Tonga Benthic Surveys,National benthic surveys,50-100cm,"[""Dive""]","[""Tonga""]","[""Photo transects""]","[""Pacific""]","[""James Cook University"", ""Ministry of Fisheries - Tonga""]",42999,Euiki West side,-18.7654,-174.0217833,6,Tonga,NA,Semi-exposed,fringing,fore reef,NA,FHR_2017,NA,Vavau,55228,Vavau_Euiki West side_2017_Transect_3,NA,2017-10-04 12:00:00+00:00,Dive,6,3,4156882,(1825).JPG,surveys/tonga-benthic-surveys/55228/d906a32f-ae1f-459c-bef3-fc2849685dee/(1825).JPG,3000,4000,NA,NA,NA,FALSE,177019242,15,3594,NA,ta,,algae,,Turf algae,,,,"641, 396",NA,,,,
1429,Tonga Benthic Surveys,National benthic surveys,50-100cm,"[""Dive""]","[""Tonga""]","[""Photo transects""]","[""Pacific""]","[""James Cook University"", ""Ministry of Fisheries - Tonga""]",43202,Port Maurelle Point,-18.70175,-174.03505,6,Tonga,NA,Very Sheltered,fringing,fore reef,NA,SMA_2017,NA,Vavau,74197,Vavau_Port Maurelle Point_2024_Transect_2,NA,2024-09-03 14:30:00+00:00,Dive,9,2,5116443,P9040081.JPG,surveys/tonga-benthic-surveys/74197/08ebd73d-a719-4cda-8899-6a3787fb5f9f/P9040081.JPG,3000,4000,NA,NA,NA,FALSE,224987938,49,3530,NA,rub_loose,,substrate,,Rubble,,,,"1751, 2115",NA,,,,
1429,Tonga Benthic Surveys,National benthic surveys,50-100cm,"[""Dive""]","[""Tonga""]","[""Photo transects""]","[""Pacific""]","[""James Cook University"", ""Ministry of Fisheries - Tonga""]",43194,Pangai Close,-19.803313,-174.354756,3,Tonga,NA,Very Sheltered,fringing,fore reef,NA,Open,NA,Haapai,74124,Haapai_Pangai Close_2024_Transect_2,NA,2024-11-18 15:04:00+00:00,Dive,2,2,5111640,PB182130.JPG,surveys/tonga-benthic-surveys/74124/46849cd7-14de-4d41-b916-e2132ce9a087/PB182130.JPG,3000,4000,NA,NA,NA,FALSE,224749115,43,3537,NA,ma_sarg,,algae,,Sargassum,,,,"2527, 1482",NA,,,,
1429,Tonga Benthic Surveys,National benthic surveys,50-100cm,"[""Dive""]","[""Tonga""]","[""Photo transects""]","[""Pacific""]","[""James Cook University"", ""Ministry of Fisheries - Tonga""]",43163,Oua FHR 3,-20.047143,-174.672662,2,Tonga,NA,Very Sheltered,fringing,fore reef,NA,FHR_2006,NA,Haapai,56275,Haapai_Oua FHR 3_2018_Transect_3,NA,2018-08-09 15:00:00+00:00,Dive,2,3,4175855,Oua FHR 3 (42).jpg,surveys/tonga-benthic-surveys/56275/381afd53-62da-4309-94f4-3f54ae8185f8/Oua FHR 3 (42).jpg,4495,3163,NA,NA,NA,FALSE,177967535,8,3594,NA,ta,,algae,,Turf algae,,,,"2751, 2757",NA,,,,
1429,Tonga Benthic Surveys,National benthic surveys,50-100cm,"[""Dive""]","[""Tonga""]","[""Photo transects""]","[""Pacific""]","[""James Cook University"", ""Ministry of Fisheries - Tonga""]",43112,Middle reefs close,-21.125744,-175.191784,5,Tonga,NA,Semi-exposed,patch,fore reef,NA,Open,NA,Tongatapu,56142,Tongatapu_Middle reefs close_2018_Transect_1,NA,2018-09-15 12:00:00+00:00,Dive,5,1,4173390,DSCN5033.JPG,surveys/tonga-benthic-surveys/56142/a9f2d25c-2cfa-4298-8fc3-18ca1423d6c9/DSCN5033.JPG,3456,4608,NA,NA,NA,FALSE,177844281,4,3558,NA,softcoral_mas,,soft_coral,,Soft coral,,,,"1152, 2592",NA,,,,
1429,Tonga Benthic Surveys,National benthic surveys,50-100cm,"[""Dive""]","[""Tonga""]","[""Photo transects""]","[""Pacific""]","[""James Cook University"", ""Ministry of Fisheries - Tonga""]",43127,Nomuka FHR 1,-20.269599,-174.7897,4,Tonga,NA,Semi-exposed,fringing,fore reef,NA,FHR_2011,NA,Haapai,73990,Haapai_Nomuka FHR 1_2024_Transect_1,NA,2024-09-09 09:42:00+00:00,Dive,4.5,1,5107686,P9093131.JPG,surveys/tonga-benthic-surveys/73990/3be8e159-1891-493d-8b6a-21ed1571d98b/P9093131.JPG,3000,4000,NA,NA,NA,FALSE,224551458,36,3594,NA,ta,,algae,,Turf algae,,,,"3078, 698",NA,,,,
1429,Tonga Benthic Surveys,National benthic surveys,50-100cm,"[""Dive""]","[""Tonga""]","[""Photo transects""]","[""Pacific""]","[""James Cook University"", ""Ministry of Fisheries - Tonga""]",43115,Military Island 1 TBU,-21.081231,-175.079874,5,Tonga,NA,Sheltered,fringing,fore reef,NA,Open,NA,Tongatapu,56157,Tongatapu_Military Island 1_2018_Transect_3,NA,2018-10-11 12:30:00+00:00,Dive,5,3,4173724,DSCN8271.JPG,surveys/tonga-benthic-surveys/56157/29e6fd49-d913-445c-a5bf-9e4d886c0a76/DSCN8271.JPG,3456,4608,NA,NA,NA,FALSE,177861032,5,3594,NA,ta,,algae,,Turf algae,,,,"3456, 2592",NA,,,,
1429,Tonga Benthic Surveys,National benthic surveys,50-100cm,"[""Dive""]","[""Tonga""]","[""Photo transects""]","[""Pacific""]","[""James Cook University"", ""Ministry of Fisheries - Tonga""]",47086,HTHH 2_2024,-20.535843,-175.379215,8.6,Tonga,NA,Exposed,fringing,fore reef,NA,Open,NA,Haapai,73881,HTHH 2_2024_Transect_4,NA,2024-09-17 10:41:00+00:00,Dive,13.1,4,5103697,P9171998.JPG,surveys/tonga-benthic-surveys/73881/e78957ba-04c0-42c6-89c2-641175ee4f66/P9171998.JPG,3000,4000,NA,NA,NA,FALSE,224358546,24,3502,NA,pocil_bran,,hard coral,,Pocillopora,,,,"700, 1046",NA,,,,
1429,Tonga Benthic Surveys,National benthic surveys,50-100cm,"[""Dive""]","[""Tonga""]","[""Photo transects""]","[""Pacific""]","[""James Cook University"", ""Ministry of Fisheries - Tonga""]",42983,Atata SMA 2,-21.054152,-175.245776,5,Tonga,NA,Semi-exposed,fringing,fore reef,NA,SMA_2008,NA,Tongatapu,55695,Tongatapu_Atata SMA 2_2018_Transect_2,NA,2018-11-05 10:00:00+00:00,Dive,5,2,4162281,DSCN9787.JPG,surveys/tonga-benthic-surveys/55695/e040b934-d344-475a-978c-907ac34ef112/DSCN9787.JPG,3456,4608,NA,NA,NA,FALSE,177289129,2,3508,NA,porites_bran,,hard coral,,Porites,,,,"3456, 864",NA,,,,
1429,Tonga Benthic Surveys,National benthic surveys,50-100cm,"[""Dive""]","[""Tonga""]","[""Photo transects""]","[""Pacific""]","[""James Cook University"", ""Ministry of Fisheries - Tonga""]",43146,Ofalanga FHR,-19.594083,-174.467917,8,Tonga,NA,Exposed,fringing,fore reef,NA,FHR_2018,NA,Haapai,56259,Haapai_Ofalanga FHR_2018_Transect_1,NA,2018-07-16 09:00:00+00:00,Dive,8,1,4175600,IMG_0238.JPG,surveys/tonga-benthic-surveys/56259/3f8d91c0-be24-4a57-95fb-fcf0726e2b32/IMG_0238.JPG,3456,5184,NA,NA,NA,FALSE,177954948,21,3594,NA,ta,,algae,,Turf algae,,,,"4610, 1700",NA,,,,
1429,Tonga Benthic Surveys,National benthic surveys,50-100cm,"[""Dive""]","[""Tonga""]","[""Photo transects""]","[""Pacific""]","[""James Cook University"", ""Ministry of Fisheries - Tonga""]",43243,Uonukuhihifo 3,-19.967095,-174.496117,3,Tonga,NA,Very Sheltered,fringing,fore reef,NA,Open,NA,Haapai,74263,Haapai_Uonukuhihifo 3_2024_Transect_4,NA,2024-10-11 11:02:00+00:00,Dive,4,4,5122004,PA112682.JPG,surveys/tonga-benthic-surveys/74263/ecea7ae6-8c4f-48ef-b1aa-6d251b3cc6fb/PA112682.JPG,3000,4000,NA,NA,NA,FALSE,225265599,27,3558,NA,softcoral_mas,,soft_coral,,Soft coral,,,,"1170, 1638",NA,,,,
1429,Tonga Benthic Surveys,National benthic surveys,50-100cm,"[""Dive""]","[""Tonga""]","[""Photo transects""]","[""Pacific""]","[""James Cook University"", ""Ministry of Fisheries - Tonga""]",42979,Atata FHR 1,-21.048587,-175.261441,4,Tonga,NA,Sheltered,fringing,fore reef,NA,FHR_2008,NA,Tongatapu,73414,Tongatapu_Atata FHR 1_2024_Transect_3,NA,2024-09-23 10:23:00+00:00,Dive,3,3,5096798,P9230673.JPG,surveys/tonga-benthic-surveys/73414/98ee9ed0-1b15-462c-acc4-5b1a9857104d/P9230673.JPG,3000,4000,NA,NA,NA,FALSE,224019592,20,3594,NA,ta,,algae,,Turf algae,,,,"2741, 1360",NA,,,,
1429,Tonga Benthic Surveys,National benthic surveys,50-100cm,"[""Dive""]","[""Tonga""]","[""Photo transects""]","[""Pacific""]","[""James Cook University"", ""Ministry of Fisheries - Tonga""]",43103,Matafonua Village SMA,-19.727003,-174.292255,5,Tonga,NA,Sheltered,fringing,fore reef,NA,SMA_2018,NA,Haapai,73957,Haapai_Matafonua Village SMA_2024_Transect_4,NA,2024-11-13 10:57:00+00:00,Dive,3.5,4,5106525,PB132282.JPG,surveys/tonga-benthic-surveys/73957/671e918a-82e7-4b4a-b501-303d8d3fef61/PB132282.JPG,3000,4000,NA,NA,NA,FALSE,224493292,10,3594,NA,ta,,algae,,Turf algae,,,,"1536, 783",NA,,,,
1429,Tonga Benthic Surveys,National benthic surveys,50-100cm,"[""Dive""]","[""Tonga""]","[""Photo transects""]","[""Pacific""]","[""James Cook University"", ""Ministry of Fisheries - Tonga""]",43042,Haano SMA,-19.659357,-174.301353,7,Tonga,NA,Semi-exposed,fringing,fore reef,NA,SMA_2018,NA,Haapai,55971,Haapai_Haano SMA_2018_Transect_4,NA,2018-07-06 13:30:00+00:00,Dive,7,4,4168494,IMG_2096.JPG,surveys/tonga-benthic-surveys/55971/ebd08925-e652-40a0-8e40-97f0596dae2d/IMG_2096.JPG,3456,5184,NA,NA,NA,FALSE,177598965,38,3594,NA,ta,,algae,,Turf algae,,,,"2856, 1182",NA,,,,
1429,Tonga Benthic Surveys,National benthic surveys,50-100cm,"[""Dive""]","[""Tonga""]","[""Photo transects""]","[""Pacific""]","[""James Cook University"", ""Ministry of Fisheries - Tonga""]",43146,Ofalanga FHR,-19.594083,-174.467917,8,Tonga,NA,Exposed,fringing,fore reef,NA,FHR_2018,NA,Haapai,56260,Haapai_Ofalanga FHR_2018_Transect_2,NA,2018-07-16 09:00:00+00:00,Dive,8,2,4175605,IMG_0243.JPG,surveys/tonga-benthic-surveys/56260/6bd509aa-5d35-45f5-a7a9-c411c73facbe/IMG_0243.JPG,3456,5184,NA,NA,NA,FALSE,177955056,29,3594,NA,ta,,algae,,Turf algae,,,,"1873, 527",NA,,,,
1429,Tonga Benthic Surveys,National benthic surveys,50-100cm,"[""Dive""]","[""Tonga""]","[""Photo transects""]","[""Pacific""]","[""James Cook University"", ""Ministry of Fisheries - Tonga""]",43019,Felemea SMA 2,-19.910308,-174.415109,2,Tonga,NA,Very Sheltered,fringing,fore reef,NA,SMA_2008,NA,Haapai,73828,Haapai_Felemea SMA 2_2024_Transect_3,NA,2024-10-14 13:09:00+00:00,Dive,1.2,3,5101588,PA142901.JPG,surveys/tonga-benthic-surveys/73828/fc2c5404-bb04-4db1-8111-b864340b5b7c/PA142901.JPG,3000,4000,NA,NA,NA,FALSE,224254685,13,3594,NA,ta,,algae,,Turf algae,,,,"854, 2216",NA,,,,
1429,Tonga Benthic Surveys,National benthic surveys,50-100cm,"[""Dive""]","[""Tonga""]","[""Photo transects""]","[""Pacific""]","[""James Cook University"", ""Ministry of Fisheries - Tonga""]",43005,Fafa far control 1,-21.06582,-175.14397,5,Tonga,NA,Sheltered,barrier,fore reef,NA,Open,NA,Tongatapu,55750,Tongatapu_Fafa far control 1_2018_Transect_2,NA,2018-10-04 10:30:00+00:00,Dive,5,2,4165569,DSCN6473.JPG,surveys/tonga-benthic-surveys/55750/5a761cbf-e545-4f81-8e31-9db2c6b89e63/DSCN6473.JPG,3456,4608,NA,NA,NA,FALSE,177453189,12,3594,NA,ta,,algae,,Turf algae,,,,"1674, 842",NA,,,,
1429,Tonga Benthic Surveys,National benthic surveys,50-100cm,"[""Dive""]","[""Tonga""]","[""Photo transects""]","[""Pacific""]","[""James Cook University"", ""Ministry of Fisheries - Tonga""]",43083,Lofangai FHR,-19.832617,-174.544083,6,Tonga,NA,Semi-exposed,fringing,fore reef,NA,FHR_2018,NA,Haapai,56057,Haapai_Lofangai FHR_2018_Transect_3,NA,2018-07-17 08:30:00+00:00,Dive,6,3,4171321,IMG_0649.JPG,surveys/tonga-benthic-surveys/56057/8675c3dd-6642-4abe-ac15-b87509e33760/IMG_0649.JPG,3456,5184,NA,NA,NA,FALSE,177740961,34,3508,NA,porites_mas,,hard coral,,Porites,,,,"1954, 1250",NA,,,,
1429,Tonga Benthic Surveys,National benthic surveys,50-100cm,"[""Dive""]","[""Tonga""]","[""Photo transects""]","[""Pacific""]","[""James Cook University"", ""Ministry of Fisheries - Tonga""]",43243,Uonukuhihifo 3,-19.967095,-174.496117,3,Tonga,NA,Very Sheltered,fringing,fore reef,NA,Open,NA,Haapai,74260,Haapai_Uonukuhihifo 3_2024_Transect_1,NA,2024-10-11 11:02:00+00:00,Dive,2,1,5121876,PA112545.JPG,surveys/tonga-benthic-surveys/74260/32faf860-cc96-47d1-baa2-8e0d71c1d1de/PA112545.JPG,3000,4000,NA,NA,NA,FALSE,225259454,32,3534,NA,sand,,substrate,,Sand,,,,"3580, 2224",NA,,,,
1429,Tonga Benthic Surveys,National benthic surveys,50-100cm,"[""Dive""]","[""Tonga""]","[""Photo transects""]","[""Pacific""]","[""James Cook University"", ""Ministry of Fisheries - Tonga""]",43233,Uiha FHR Far,-19.877276,-174.421743,3,Tonga,NA,Very Sheltered,fringing,fore reef,NA,FHR_2018,NA,Haapai,74243,Haapai_Uiha FHR Far_2024_Transect_4,NA,2024-10-12 08:31:00+00:00,Dive,1.5,4,5121173,PA122540.JPG,surveys/tonga-benthic-surveys/74243/82a5bddf-cb39-43fb-b6bc-c3352fd88fad/PA122540.JPG,3000,4000,NA,NA,NA,FALSE,225224247,25,3530,NA,rub_loose,,substrate,,Rubble,,,,"595, 1070",NA,,,,
1429,Tonga Benthic Surveys,National benthic surveys,50-100cm,"[""Dive""]","[""Tonga""]","[""Photo transects""]","[""Pacific""]","[""James Cook University"", ""Ministry of Fisheries - Tonga""]",43093,Luaofa Island,-18.71826667,-174.0551667,6,Tonga,NA,Semi-exposed,patch,fore reef,NA,Open,NA,Vavau,73926,Vavau_Luaofa Island_2024_Transect_1,NA,2024-10-26 15:26:00+00:00,Dive,5,1,5105393,PA262793.JPG,surveys/tonga-benthic-surveys/73926/78a37502-96a8-4fa1-b86d-0cfd6eeb83d9/PA262793.JPG,3000,4000,NA,NA,NA,FALSE,224437881,9,3594,NA,ta,,algae,,Turf algae,,,,"946, 525",NA,,,,
1429,Tonga Benthic Surveys,National benthic surveys,50-100cm,"[""Dive""]","[""Tonga""]","[""Photo transects""]","[""Pacific""]","[""James Cook University"", ""Ministry of Fisheries - Tonga""]",42993,Eueiki SMA 2,-21.116462,-174.987506,7,Tonga,NA,Exposed,fringing,crest,NA,SMA_2008,NA,Tongatapu,55711,Tongatapu_Eueiki SMA 2_2018_Transect_1,NA,2018-10-08 10:40:00+00:00,Dive,7,1,4164751,DSCN7410.JPG,surveys/tonga-benthic-surveys/55711/38076c20-8670-4499-9053-98981b3ccade/DSCN7410.JPG,3456,4608,NA,NA,NA,FALSE,177411997,20,3594,NA,ta,,algae,,Turf algae,,,,"2234, 1184",NA,,,,
1429,Tonga Benthic Surveys,National benthic surveys,50-100cm,"[""Dive""]","[""Tonga""]","[""Photo transects""]","[""Pacific""]","[""James Cook University"", ""Ministry of Fisheries - Tonga""]",43153,Old Harbour East,-18.66946667,-173.9678167,4,Tonga,NA,Very Sheltered,fringing,fore reef,NA,Open,NA,Vavau,55423,Vavau_Old Harbour East_2017_Transect_4,NA,2017-10-29 12:00:00+00:00,Dive,4,4,4158971,(3476).JPG,surveys/tonga-benthic-surveys/55423/9964832b-b02f-4d66-80f7-8fbbf821b242/(3476).JPG,3456,5184,NA,NA,NA,FALSE,177123683,26,3594,NA,ta,,algae,,Turf algae,,,,"2781, 2070",NA,,,,
1429,Tonga Benthic Surveys,National benthic surveys,50-100cm,"[""Dive""]","[""Tonga""]","[""Photo transects""]","[""Pacific""]","[""James Cook University"", ""Ministry of Fisheries - Tonga""]",43080,Lape Bommie,-18.72418333,-174.0850833,4,Tonga,NA,Very Sheltered,fringing,fore reef,NA,SMA_2017,NA,Vavau,73910,Vavau_Lape Bommie_2024_Transect_1,NA,2024-10-27 11:56:00+00:00,Dive,3,1,5104830,PA272547.JPG,surveys/tonga-benthic-surveys/73910/4b11ce8c-e207-4a06-a3c5-2ca5f5e74ee7/PA272547.JPG,3000,4000,NA,NA,NA,FALSE,224411899,27,3594,NA,ta,,algae,,Turf algae,,,,"1903, 880",NA,,,,
1429,Tonga Benthic Surveys,National benthic surveys,50-100cm,"[""Dive""]","[""Tonga""]","[""Photo transects""]","[""Pacific""]","[""James Cook University"", ""Ministry of Fisheries - Tonga""]",43044,Haatafu FHR Town,-21.07089,-175.318779,5,Tonga,NA,Very Sheltered,fringing,fore reef,NA,FHR_2017,NA,Tongatapu,73864,Tongatapu_Haatafu FHR Town_2024_Transect_3,NA,2024-09-27 13:59:00+00:00,Dive,3,3,5103123,P9276202.JPG,surveys/tonga-benthic-surveys/73864/d5a6a6f5-60b2-4908-b922-15c831868b5d/P9276202.JPG,3000,4000,NA,NA,NA,FALSE,224329929,7,3530,NA,rub_loose,,substrate,,Rubble,,,,"1309, 1522",NA,,,,
1429,Tonga Benthic Surveys,National benthic surveys,50-100cm,"[""Dive""]","[""Tonga""]","[""Photo transects""]","[""Pacific""]","[""James Cook University"", ""Ministry of Fisheries - Tonga""]",42991,Euakafa 3,-18.76053333,-174.0440167,6,Tonga,NA,Semi-exposed,patch,fore reef,NA,Open,NA,Vavau,55220,Vavau_Euakafa 3_2017_Transect_3,NA,2017-10-09 11:30:00+00:00,Dive,6,3,4156771,(2630).JPG,surveys/tonga-benthic-surveys/55220/5bfead53-e910-43aa-9c5e-5d5b1dc31091/(2630).JPG,3000,4000,NA,NA,NA,FALSE,177013715,38,3594,NA,ta,,algae,,Turf algae,,,,"2309, 2298",NA,,,,
1429,Tonga Benthic Surveys,National benthic surveys,50-100cm,"[""Dive""]","[""Tonga""]","[""Photo transects""]","[""Pacific""]","[""James Cook University"", ""Ministry of Fisheries - Tonga""]",43101,Matafonua Bommie,-19.724087,-174.274592,3,Tonga,NA,Sheltered,patch,back reef,NA,SMA_2018,NA,Haapai,73946,Haapai_Matafonua Bommie_2024_Transect_1,NA,2024-11-16 12:50:00+00:00,Dive,2,1,5106212,PB162109.JPG,surveys/tonga-benthic-surveys/73946/c27c5850-9efa-4e0f-b620-76d20d37161b/PB162109.JPG,3000,4000,NA,NA,NA,FALSE,224477693,21,3208,NA,acro_stag,,hard coral,,Acropora,,,,"2532, 2245",NA,,,,
1429,Tonga Benthic Surveys,National benthic surveys,50-100cm,"[""Dive""]","[""Tonga""]","[""Photo transects""]","[""Pacific""]","[""James Cook University"", ""Ministry of Fisheries - Tonga""]",42997,Euiki FHR 3,-21.126265,-174.98306,7,Tonga,NA,Exposed,fringing,crest,NA,FHR_2008,NA,Tongatapu,55726,Tongatapu_Euiki FHR 3_2018_Transect_1,NA,2018-10-06 11:30:00+00:00,Dive,7,1,4165184,DSCN6913.JPG,surveys/tonga-benthic-surveys/55726/201f6fcc-087b-45ba-9437-9ce2c174a6e1/DSCN6913.JPG,3456,4608,NA,NA,NA,FALSE,177433986,9,3208,NA,acro_dig,,hard coral,,Acropora,,,,"3725, 673",NA,,,,
1429,Tonga Benthic Surveys,National benthic surveys,50-100cm,"[""Dive""]","[""Tonga""]","[""Photo transects""]","[""Pacific""]","[""James Cook University"", ""Ministry of Fisheries - Tonga""]",43004,Fafa control close,-21.081875,-175.153912,3,Tonga,NA,Very Sheltered,fringing,fore reef,NA,Open,NA,Tongatapu,55749,Tongatapu_Fafa control close_2018_Transect_2,NA,2018-10-05 13:00:00+00:00,Dive,3,2,4165561,DSCN6679.JPG,surveys/tonga-benthic-surveys/55749/2ac2ce1d-4a50-4872-86c1-3bcd2ebe3904/DSCN6679.JPG,3456,4608,NA,NA,NA,FALSE,177452864,15,3208,NA,acro_stag,,hard coral,,Acropora,,,,"2305, 895",NA,,,,
1429,Tonga Benthic Surveys,National benthic surveys,50-100cm,"[""Dive""]","[""Tonga""]","[""Photo transects""]","[""Pacific""]","[""James Cook University"", ""Ministry of Fisheries - Tonga""]",43053,HTHH 2,-20.540377,-175.376008,5,Tonga,NA,Exposed,fringing,crest,NA,Open,NA,Haapai,55807,Haapai_HTHH 2_2018_Transect_2,NA,2018-08-26 11:00:00+00:00,Dive,5,2,4170075,DSCN4355.JPG,surveys/tonga-benthic-surveys/55807/96436b2c-e72c-47ae-9ff6-de618e3c5303/DSCN4355.JPG,3456,4608,NA,NA,NA,FALSE,177678692,15,3594,NA,ta,,algae,,Turf algae,,,,"2687, 2090",NA,,,,
1429,Tonga Benthic Surveys,National benthic surveys,50-100cm,"[""Dive""]","[""Tonga""]","[""Photo transects""]","[""Pacific""]","[""James Cook University"", ""Ministry of Fisheries - Tonga""]",43051,Holopeka,-19.781017,-174.347379,3,Tonga,NA,Very Sheltered,fringing,fore reef,NA,Open,NA,Haapai,73870,Haapai_Holopeka_2024_Transect_1,NA,2024-11-11 14:48:00+00:00,Dive,3,1,5103318,PB112180.JPG,surveys/tonga-benthic-surveys/73870/d98b0a3f-4fe7-4a78-864a-106195898428/PB112180.JPG,3000,4000,NA,NA,NA,FALSE,224339598,33,3594,NA,ta,,algae,,Turf algae,,,,"2228, 1609",NA,,,,
1429,Tonga Benthic Surveys,National benthic surveys,50-100cm,"[""Dive""]","[""Tonga""]","[""Photo transects""]","[""Pacific""]","[""James Cook University"", ""Ministry of Fisheries - Tonga""]",43027,FonoiIka 2,-20.109433,-174.705614,6,Tonga,NA,Exposed,patch,fore reef,NA,Open,NA,Haapai,55867,Haapai_FonoiIka 2_2018_Transect_3,NA,2018-08-11 11:30:00+00:00,Dive,6,3,4185213,DSCN1965.JPG,surveys/tonga-benthic-surveys/55867/16b9b366-87f6-4e19-8757-7577b6c8a7b9/DSCN1965.JPG,3456,4608,NA,NA,NA,FALSE,178434268,41,3594,NA,ta,,algae,,Turf algae,,,,"4077, 740",NA,,,,
1429,Tonga Benthic Surveys,National benthic surveys,50-100cm,"[""Dive""]","[""Tonga""]","[""Photo transects""]","[""Pacific""]","[""James Cook University"", ""Ministry of Fisheries - Tonga""]",43243,Uonukuhihifo 3,-19.967095,-174.496117,3,Tonga,NA,Very Sheltered,fringing,fore reef,NA,Open,NA,Haapai,74262,Haapai_Uonukuhihifo 3_2024_Transect_3,NA,2024-10-11 11:02:00+00:00,Dive,3,3,5121936,PA112651.JPG,surveys/tonga-benthic-surveys/74262/632e7d71-5aec-4df8-a463-f14516ab4016/PA112651.JPG,3000,4000,NA,NA,NA,FALSE,225262301,29,3563,NA,sponge_enc,,other  invertebrate,,Porifera (Sponges),,,,"3462, 1520",NA,,,,
1429,Tonga Benthic Surveys,National benthic surveys,50-100cm,"[""Dive""]","[""Tonga""]","[""Photo transects""]","[""Pacific""]","[""James Cook University"", ""Ministry of Fisheries - Tonga""]",43240,Uoleva South,-19.849933,-174.426333,6,Tonga,NA,Sheltered,fringing,fore reef,NA,Open,NA,Haapai,74259,Haapai_Uoleva South_2024_Transect_4,NA,2024-11-15 10:37:00+00:00,Dive,4,4,5121822,PB152160.JPG,surveys/tonga-benthic-surveys/74259/21ad49b5-52c8-45bd-9511-020645eb3c41/PB152160.JPG,3000,4000,NA,NA,NA,FALSE,225256683,11,3594,NA,ta,,algae,,Turf algae,,,,"1525, 632",NA,,,,
1429,Tonga Benthic Surveys,National benthic surveys,50-100cm,"[""Dive""]","[""Tonga""]","[""Photo transects""]","[""Pacific""]","[""James Cook University"", ""Ministry of Fisheries - Tonga""]",43044,Haatafu FHR Town,-21.07089,-175.318779,5,Tonga,NA,Very Sheltered,fringing,fore reef,NA,FHR_2017,NA,Tongatapu,73865,Tongatapu_Haatafu FHR Town_2024_Transect_4,NA,2024-09-27 13:59:00+00:00,Dive,2,4,5103127,P9276232.JPG,surveys/tonga-benthic-surveys/73865/cdf5eaea-f804-44e2-8ce4-0fdfb9a3df98/P9276232.JPG,3000,4000,NA,NA,NA,FALSE,224330098,26,3530,NA,rub_loose,,substrate,,Rubble,,,,"1475, 813",NA,,,,
1429,Tonga Benthic Surveys,National benthic surveys,50-100cm,"[""Dive""]","[""Tonga""]","[""Photo transects""]","[""Pacific""]","[""James Cook University"", ""Ministry of Fisheries - Tonga""]",43074,Kotu FHR 1,-19.933275,-174.79459,4,Tonga,NA,Exposed,barrier,fore reef,NA,FHR_2015,NA,Haapai,56031,Haapai_Kotu FHR 1_2018_Transect_3,NA,2018-08-06 11:00:00+00:00,Dive,4,3,4170888,DSCN0265.JPG,surveys/tonga-benthic-surveys/56031/a7b2b036-7527-4c40-a5b4-d8ea90936521/DSCN0265.JPG,3456,4608,NA,NA,NA,FALSE,177719315,38,3291,NA,cca,,algae,,Crustose coralline algae,,,,"1754, 1213",NA,,,,
1429,Tonga Benthic Surveys,National benthic surveys,50-100cm,"[""Dive""]","[""Tonga""]","[""Photo transects""]","[""Pacific""]","[""James Cook University"", ""Ministry of Fisheries - Tonga""]",47084,HTHH 1_2024,-20.534107,-175.383618,14,Tonga,NA,Exposed,fringing,fore reef,NA,Open,NA,Haapai,73876,HTHH 1_2024_Transect_3,NA,2024-09-17 08:46:00+00:00,Dive,11.4,3,5103545,P9171789.JPG,surveys/tonga-benthic-surveys/73876/e55c720c-aa06-49db-aa33-df1d60c4c1f7/P9171789.JPG,3000,4000,NA,NA,NA,FALSE,224350990,35,3534,NA,sand,,substrate,,Sand,,,,"1592, 426",NA,,,,
1429,Tonga Benthic Surveys,National benthic surveys,50-100cm,"[""Dive""]","[""Tonga""]","[""Photo transects""]","[""Pacific""]","[""James Cook University"", ""Ministry of Fisheries - Tonga""]",43189,Ovaka SMA 2,-18.74981667,-174.1065167,6,Tonga,NA,Exposed,fringing,fore reef,NA,SMA_2008,NA,Vavau,74112,Vavau_Ovaka SMA 2_2024_Transect_2,NA,2024-10-31 09:41:00+00:00,Dive,5.5,2,5111143,PA312418.JPG,surveys/tonga-benthic-surveys/74112/193eb318-ccf7-472e-a7b5-87f4d589b458/PA312418.JPG,3000,4000,NA,NA,NA,FALSE,224724192,20,3594,NA,ta,,algae,,Turf algae,,,,"2484, 574",NA,,,,
1429,Tonga Benthic Surveys,National benthic surveys,50-100cm,"[""Dive""]","[""Tonga""]","[""Photo transects""]","[""Pacific""]","[""James Cook University"", ""Ministry of Fisheries - Tonga""]",42983,Atata SMA 2,-21.054152,-175.245776,5,Tonga,NA,Semi-exposed,fringing,fore reef,NA,SMA_2008,NA,Tongatapu,73428,Tongatapu_Atata SMA 2_2024_Transect_1,NA,2024-09-23 13:24:00+00:00,Dive,2.5,1,5097497,P9230924.JPG,surveys/tonga-benthic-surveys/73428/7b9b71bb-4b06-4e3d-935b-3b9ec92edb5d/P9230924.JPG,3000,4000,NA,NA,NA,FALSE,224054440,18,3594,NA,ta,,algae,,Turf algae,,,,"2174, 2647",NA,,,,
1429,Tonga Benthic Surveys,National benthic surveys,50-100cm,"[""Dive""]","[""Tonga""]","[""Photo transects""]","[""Pacific""]","[""James Cook University"", ""Ministry of Fisheries - Tonga""]",43030,Ha'ano FHR,-19.667683,-174.293536,7,Tonga,NA,Semi-exposed,fringing,fore reef,NA,FHR_2018,NA,Haapai,55875,Haapai_Ha'ano FHR_2018_Transect_4,NA,2018-07-06 14:30:00+00:00,Dive,7,4,4185351,IMG_2198.JPG,surveys/tonga-benthic-surveys/55875/466edeed-df13-4239-b9ae-90dcde0068ab/IMG_2198.JPG,3456,5184,NA,NA,NA,FALSE,178441274,47,3563,NA,sponge_erect,,other  invertebrate,,Porifera (Sponges),,,,"3441, 1608",NA,,,,
1429,Tonga Benthic Surveys,National benthic surveys,50-100cm,"[""Dive""]","[""Tonga""]","[""Photo transects""]","[""Pacific""]","[""James Cook University"", ""Ministry of Fisheries - Tonga""]",43004,Fafa control close,-21.081875,-175.153912,3,Tonga,NA,Very Sheltered,fringing,fore reef,NA,Open,NA,Tongatapu,73597,Tongatapu_Fafa control close_2024_Transect_3,NA,2024-10-01 13:37:00+00:00,Dive,3.5,3,5099704,PA012319.JPG,surveys/tonga-benthic-surveys/73597/fb1e0d29-aed9-4c6c-ad20-8bafdc54fea2/PA012319.JPG,3000,4000,NA,NA,NA,FALSE,224164808,36,3594,NA,ta,,algae,,Turf algae,,,,"2189, 2084",NA,,,,
1429,Tonga Benthic Surveys,National benthic surveys,50-100cm,"[""Dive""]","[""Tonga""]","[""Photo transects""]","[""Pacific""]","[""James Cook University"", ""Ministry of Fisheries - Tonga""]",43070,Kelefesia Open Control,-20.478811,-174.783666,6.5,Tonga,NA,Exposed,fringing,fore reef,NA,Open,NA,Haapai,56019,Haapai_Kelefesia Open Control_2018_Transect_1,NA,2018-10-29 13:00:00+00:00,Dive,6.5,1,4170683,DSCN9537.JPG,surveys/tonga-benthic-surveys/56019/099df723-988f-41e1-8104-9a326c15cb44/DSCN9537.JPG,3456,4608,NA,NA,NA,FALSE,177708923,46,3417,NA,ma_calc,,algae,,Macroalgae,,,,"3185, 2774",NA,,,,
1429,Tonga Benthic Surveys,National benthic surveys,50-100cm,"[""Dive""]","[""Tonga""]","[""Photo transects""]","[""Pacific""]","[""James Cook University"", ""Ministry of Fisheries - Tonga""]",43098,Mango FHR Far,-20.317657,-174.715213,5,Tonga,NA,Exposed,patch,fore reef,NA,FHR_2017,NA,Haapai,73935,Haapai_Mango FHR Far_2024_Transect_2,NA,2024-09-11 15:00:00+00:00,Dive,6,2,5105700,P9110580.JPG,surveys/tonga-benthic-surveys/73935/c036afe5-1db3-4708-87ec-d8c5aea37514/P9110580.JPG,3000,4000,NA,NA,NA,FALSE,224452184,12,3594,NA,ta,,algae,,Turf algae,,,,"1534, 2353",NA,,,,
1429,Tonga Benthic Surveys,National benthic surveys,50-100cm,"[""Dive""]","[""Tonga""]","[""Photo transects""]","[""Pacific""]","[""James Cook University"", ""Ministry of Fisheries - Tonga""]",43025,Fonoi SMA far,-20.290805,-174.639774,6,Tonga,NA,Exposed,patch,fore reef,NA,SMA_2017,NA,Haapai,73848,Haapai_Fonoi SMA far_2024_Transect_3,NA,2024-09-12 09:50:00+00:00,Dive,5.5,3,5102533,P9120998.JPG,surveys/tonga-benthic-surveys/73848/4c2ea63b-1ca3-4e39-a1d1-def159d927ba/P9120998.JPG,3000,4000,NA,NA,NA,FALSE,224300236,14,3508,NA,porites_mas,,hard coral,,Porites,,,,"2499, 1986",NA,,,,
1429,Tonga Benthic Surveys,National benthic surveys,50-100cm,"[""Dive""]","[""Tonga""]","[""Photo transects""]","[""Pacific""]","[""James Cook University"", ""Ministry of Fisheries - Tonga""]",42980,Atata FHR 2,-21.050587,-175.265363,5,Tonga,NA,Sheltered,fringing,fore reef,NA,FHR_2008,NA,Tongatapu,73416,Tongatapu_Atata FHR 2_2024_Transect_1,NA,2024-09-24 10:31:00+00:00,Dive,5.5,1,5096873,P9244813.JPG,surveys/tonga-benthic-surveys/73416/e14e6a5d-7412-4c30-832a-9da0c009082b/P9244813.JPG,3000,4000,NA,NA,NA,FALSE,224023414,42,3594,NA,ta,,algae,,Turf algae,,,,"2388, 1366",NA,,,,
1429,Tonga Benthic Surveys,National benthic surveys,50-100cm,"[""Dive""]","[""Tonga""]","[""Photo transects""]","[""Pacific""]","[""James Cook University"", ""Ministry of Fisheries - Tonga""]",43144,Nuku Outside 3,-21.098177,-175.038988,5,Tonga,NA,Exposed,fringing,fore reef,NA,Open,NA,Tongatapu,56250,Tongatapu_Nuku Outside 3_2018_Transect_1,NA,2018-10-07 11:30:00+00:00,Dive,5,1,4175446,DSCN7210.JPG,surveys/tonga-benthic-surveys/56250/2d898701-0a17-4c32-a64f-f17ddecc2b54/DSCN7210.JPG,3456,4608,NA,NA,NA,FALSE,177947114,37,3417,NA,ma_calc,,algae,,Macroalgae,,,,"2806, 3041",NA,,,,
1429,Tonga Benthic Surveys,National benthic surveys,50-100cm,"[""Dive""]","[""Tonga""]","[""Photo transects""]","[""Pacific""]","[""James Cook University"", ""Ministry of Fisheries - Tonga""]",43146,Ofalanga FHR,-19.594083,-174.467917,8,Tonga,NA,Exposed,fringing,fore reef,NA,FHR_2018,NA,Haapai,56258,Haapai_Ofalanga FHR_2018_Transect_4,NA,2018-07-16 09:00:00+00:00,Dive,8,4,4175584,IMG_0303.JPG,surveys/tonga-benthic-surveys/56258/d9123ed2-e03e-4d66-873c-11e2f317e855/IMG_0303.JPG,3456,5184,NA,NA,NA,FALSE,177954070,43,3594,NA,ta,,algae,,Turf algae,,,,"2271, 2727",NA,,,,
1429,Tonga Benthic Surveys,National benthic surveys,50-100cm,"[""Dive""]","[""Tonga""]","[""Photo transects""]","[""Pacific""]","[""James Cook University"", ""Ministry of Fisheries - Tonga""]",43168,Oua SMA 2,-20.045319,-174.678867,1.5,Tonga,NA,Very Sheltered,fringing,fore reef,NA,SMA_2006,NA,Haapai,56295,Haapai_Oua SMA 2_2018_Transect_1,NA,2018-08-09 11:30:00+00:00,Dive,1.5,1,4176325,DSCN1052.JPG,surveys/tonga-benthic-surveys/56295/14d27d11-e372-43b8-ab80-fd60c5b40c4b/DSCN1052.JPG,3456,4608,NA,NA,NA,FALSE,177991028,10,3594,NA,ta,,algae,,Turf algae,,,,"586, 1147",NA,,,,
1429,Tonga Benthic Surveys,National benthic surveys,50-100cm,"[""Dive""]","[""Tonga""]","[""Photo transects""]","[""Pacific""]","[""James Cook University"", ""Ministry of Fisheries - Tonga""]",43234,Uiha FHR Town,-19.890986,-174.413013,3,Tonga,NA,Very Sheltered,fringing,fore reef,NA,FHR_2018,NA,Haapai,74244,Haapai_Uiha FHR Town_2024_Transect_1,NA,2024-10-12 10:42:00+00:00,Dive,1.5,1,5121214,PA122569.JPG,surveys/tonga-benthic-surveys/74244/628bcd28-5a03-4188-96b2-92a7e29635e9/PA122569.JPG,3000,4000,NA,NA,NA,FALSE,225226307,19,3594,NA,ta,,algae,,Turf algae,,,,"3318, 2108",NA,,,,
1429,Tonga Benthic Surveys,National benthic surveys,50-100cm,"[""Dive""]","[""Tonga""]","[""Photo transects""]","[""Pacific""]","[""James Cook University"", ""Ministry of Fisheries - Tonga""]",43000,Fafa 1,-21.081698,-175.160344,5,Tonga,NA,Very Sheltered,fringing,fore reef,NA,FHR_2014,NA,Tongatapu,73588,Tongatapu_Fafa 1_2024_Transect_2,NA,2024-09-28 11:20:00+00:00,Dive,4.3,2,5099124,P9281775.JPG,surveys/tonga-benthic-surveys/73588/f9794dc4-cc4b-42fc-9557-06211a89b5d5/P9281775.JPG,3000,4000,NA,NA,NA,FALSE,224135850,28,3594,NA,ta,,algae,,Turf algae,,,,"2085, 893",NA,,,,
1429,Tonga Benthic Surveys,National benthic surveys,50-100cm,"[""Dive""]","[""Tonga""]","[""Photo transects""]","[""Pacific""]","[""James Cook University"", ""Ministry of Fisheries - Tonga""]",43237,Uoleva North 1,-19.834733,-174.4156,6,Tonga,NA,Sheltered,fringing,fore reef,NA,Open,NA,Haapai,56418,Haapai_Uoleva North 1_2018_Transect_4,NA,2018-07-19 09:30:00+00:00,Dive,6,4,4178353,IMG_1493.JPG,surveys/tonga-benthic-surveys/56418/a2d34aa1-c642-486e-9485-f48c51802030/IMG_1493.JPG,3456,5184,NA,NA,NA,FALSE,178092330,3,3594,NA,ta,,algae,,Turf algae,,,,"2592, 1728",NA,,,,
1429,Tonga Benthic Surveys,National benthic surveys,50-100cm,"[""Dive""]","[""Tonga""]","[""Photo transects""]","[""Pacific""]","[""James Cook University"", ""Ministry of Fisheries - Tonga""]",43051,Holopeka,-19.781017,-174.347379,3,Tonga,NA,Very Sheltered,fringing,fore reef,NA,Open,NA,Haapai,56010,Haapai_Holopeka_2018_Transect_2,NA,2018-07-11 12:30:00+00:00,Dive,3,2,4169965,IMG_9988.JPG,surveys/tonga-benthic-surveys/56010/0a45e76a-d834-4bcb-b570-ff73321b5b91/IMG_9988.JPG,3456,5184,NA,NA,NA,FALSE,177673082,5,3594,NA,ta,,algae,,Turf algae,,,,"3888, 2592",NA,,,,
1429,Tonga Benthic Surveys,National benthic surveys,50-100cm,"[""Dive""]","[""Tonga""]","[""Photo transects""]","[""Pacific""]","[""James Cook University"", ""Ministry of Fisheries - Tonga""]",43131,Nomuka Iki FHR Baseline,-20.275017,-174.809254,5,Tonga,NA,Sheltered,fringing,fore reef,NA,SMA_2011,NA,Haapai,74003,Haapai_Nomuka Iki FHR Baseline_2024_Transect_2,NA,2024-09-08 12:55:00+00:00,Dive,4.9,2,5109131,P9080368.JPG,surveys/tonga-benthic-surveys/74003/a72cdcc4-9690-4fee-ac37-b3147fad1b47/P9080368.JPG,3000,4000,NA,NA,NA,FALSE,224623726,4,3594,NA,ta,,algae,,Turf algae,,,,"1000, 2250",NA,,,,
1429,Tonga Benthic Surveys,National benthic surveys,50-100cm,"[""Dive""]","[""Tonga""]","[""Photo transects""]","[""Pacific""]","[""James Cook University"", ""Ministry of Fisheries - Tonga""]",43190,Ovaka SMA 3,-18.74398333,-174.1125,6,Tonga,NA,Semi-exposed,fringing,fore reef,NA,SMA_2008,NA,Vavau,74117,Vavau_Ovaka SMA 3_2024_Transect_3,NA,2024-10-31 12:10:00+00:00,Dive,6,3,5111354,PA312629.JPG,surveys/tonga-benthic-surveys/74117/580caaa7-f9c1-44c0-ae79-f577143ff1c5/PA312629.JPG,3000,4000,NA,NA,NA,FALSE,224734650,28,3563,NA,sponge_enc,,other  invertebrate,,Porifera (Sponges),,,,"2522, 1984",NA,,,,
1429,Tonga Benthic Surveys,National benthic surveys,50-100cm,"[""Dive""]","[""Tonga""]","[""Photo transects""]","[""Pacific""]","[""James Cook University"", ""Ministry of Fisheries - Tonga""]",43017,Felemea FHR 3 Bommie,-19.910153,-174.418302,3,Tonga,NA,Very Sheltered,fringing,fore reef,NA,FHR_2008,NA,Haapai,55786,Haapai_Felemea FHR 3 Bommie_2018_Transect_2,NA,2018-07-24 12:00:00+00:00,Dive,3,2,4166494,IMG_2765.JPG,surveys/tonga-benthic-surveys/55786/5377de6f-139b-4c32-9655-40645ae3d871/IMG_2765.JPG,3456,5184,NA,NA,NA,FALSE,177499620,43,3594,NA,ta,,algae,,Turf algae,,,,"4073, 1879",NA,,,,
1429,Tonga Benthic Surveys,National benthic surveys,50-100cm,"[""Dive""]","[""Tonga""]","[""Photo transects""]","[""Pacific""]","[""James Cook University"", ""Ministry of Fisheries - Tonga""]",43196,Pangaimotu,-21.117974,-175.167165,6,Tonga,NA,Sheltered,fringing,fore reef,NA,FHR_2017,NA,Tongatapu,56328,Tongatapu_Pangaimotu_2018_Transect_2,NA,2018-10-10 11:30:00+00:00,Dive,6,2,4176862,DSCN8019.JPG,surveys/tonga-benthic-surveys/56328/5d245f08-9049-459e-adf8-7099103b0769/DSCN8019.JPG,3456,4608,NA,NA,NA,FALSE,178017913,31,3370,NA,hc_massive,,hard coral,,Hard coral,,,,"1781, 1644",NA,,,,
1429,Tonga Benthic Surveys,National benthic surveys,50-100cm,"[""Dive""]","[""Tonga""]","[""Photo transects""]","[""Pacific""]","[""James Cook University"", ""Ministry of Fisheries - Tonga""]",43183,Ovaka FHR 2,-18.75658333,-174.0994667,5,Tonga,NA,Exposed,fringing,fore reef,NA,FHR_2008,NA,Vavau,74099,Vavau_Ovaka FHR 2_2024_Transect_1,NA,2024-10-30 12:25:00+00:00,Dive,5,1,5109952,PA302575.JPG,surveys/tonga-benthic-surveys/74099/b60386f7-eb55-4871-8056-89819ddc0bd2/PA302575.JPG,3000,4000,NA,NA,NA,FALSE,224664644,22,3502,NA,pocil_bran,,hard coral,,Pocillopora,,,,"1359, 2319",NA,,,,
1429,Tonga Benthic Surveys,National benthic surveys,50-100cm,"[""Dive""]","[""Tonga""]","[""Photo transects""]","[""Pacific""]","[""James Cook University"", ""Ministry of Fisheries - Tonga""]",43127,Nomuka FHR 1,-20.269599,-174.7897,4,Tonga,NA,Semi-exposed,fringing,fore reef,NA,FHR_2011,NA,Haapai,56196,Haapai_Nomuka FHR 1_2018_Transect_2,NA,2018-08-21 09:30:00+00:00,Dive,4,2,4174593,DSCN2573.JPG,surveys/tonga-benthic-surveys/56196/7cba533a-85ae-4b7c-b79d-83d962b75f24/DSCN2573.JPG,3456,4608,NA,NA,NA,FALSE,177904470,43,3445,NA,monti_enc,,hard coral,,Montipora,,,,"3035, 2624",NA,,,,
1429,Tonga Benthic Surveys,National benthic surveys,50-100cm,"[""Dive""]","[""Tonga""]","[""Photo transects""]","[""Pacific""]","[""James Cook University"", ""Ministry of Fisheries - Tonga""]",43051,Holopeka,-19.781017,-174.347379,3,Tonga,NA,Very Sheltered,fringing,fore reef,NA,Open,NA,Haapai,73873,Haapai_Holopeka_2024_Transect_4,NA,2024-11-11 14:48:00+00:00,Dive,3,4,5103412,PB112333.JPG,surveys/tonga-benthic-surveys/73873/66bdb653-c668-4cfc-8f2c-22c13e339215/PB112333.JPG,3000,4000,NA,NA,NA,FALSE,224344373,1,3594,NA,ta,,algae,,Turf algae,,,,"1000, 750",NA,,,,
1429,Tonga Benthic Surveys,National benthic surveys,50-100cm,"[""Dive""]","[""Tonga""]","[""Photo transects""]","[""Pacific""]","[""James Cook University"", ""Ministry of Fisheries - Tonga""]",43184,Ovaka FHR 3,-18.75438333,-174.0986167,6,Tonga,NA,Exposed,fringing,fore reef,NA,FHR_2008,NA,Vavau,74104,Vavau_Ovaka FHR 3_2024_Transect_2,NA,2024-10-30 15:17:00+00:00,Dive,5,2,5110522,PA302767.JPG,surveys/tonga-benthic-surveys/74104/cf814b9a-ebf0-450e-90a5-c3cfa0bb5523/PA302767.JPG,3000,4000,NA,NA,NA,FALSE,224693021,49,3445,NA,monti_enc,,hard coral,,Montipora,,,,"2608, 1317",NA,,,,
1429,Tonga Benthic Surveys,National benthic surveys,50-100cm,"[""Dive""]","[""Tonga""]","[""Photo transects""]","[""Pacific""]","[""James Cook University"", ""Ministry of Fisheries - Tonga""]",43055,HTHH 4,-20.542331,-175.405574,4,Tonga,NA,Exposed,fringing,crest,NA,Open,NA,Haapai,55815,Haapai_HTHH 4_2018_Transect_2,NA,2018-10-24 09:30:00+00:00,Dive,4,2,4170230,DSCN8699.JPG,surveys/tonga-benthic-surveys/55815/ea64ecd4-8a80-418e-ba41-cc06b8531507/DSCN8699.JPG,3456,4608,NA,NA,NA,FALSE,177686296,19,3537,NA,ma_sarg,,algae,,Sargassum,,,,"3926, 2590",NA,,,,
1429,Tonga Benthic Surveys,National benthic surveys,50-100cm,"[""Dive""]","[""Tonga""]","[""Photo transects""]","[""Pacific""]","[""James Cook University"", ""Ministry of Fisheries - Tonga""]",43201,Port Maurelle,-18.70088333,-174.0287,6,Tonga,NA,Very Sheltered,fringing,fore reef,NA,Open,NA,Vavau,55561,Vavau_Port Maurelle_2017_Transect_4,NA,2017-09-23 03:00:00+00:00,Dive,6,4,4160155,(639).JPG,surveys/tonga-benthic-surveys/55561/629a6971-53cd-4f92-81d5-f134ca6395b5/(639).JPG,3000,4000,NA,NA,NA,FALSE,177182815,38,3534,NA,sand,,substrate,,Sand,,,,"2888, 918",NA,,,,
1429,Tonga Benthic Surveys,National benthic surveys,50-100cm,"[""Dive""]","[""Tonga""]","[""Photo transects""]","[""Pacific""]","[""James Cook University"", ""Ministry of Fisheries - Tonga""]",43236,Uiha SMA fringing,-19.897739,-174.411617,3,Tonga,NA,Very Sheltered,fringing,fore reef,NA,SMA_2018,NA,Haapai,56417,Haapai_Uiha SMA fringing_2018_Transect_4,NA,2018-07-23 13:30:00+00:00,Dive,3,4,4178324,IMG_2508.JPG,surveys/tonga-benthic-surveys/56417/25812005-34df-4b0a-a3ae-e20f819c7de7/IMG_2508.JPG,3456,5184,NA,NA,NA,FALSE,178091074,47,3594,NA,ta,,algae,,Turf algae,,,,"4615, 463",NA,,,,
1429,Tonga Benthic Surveys,National benthic surveys,50-100cm,"[""Dive""]","[""Tonga""]","[""Photo transects""]","[""Pacific""]","[""James Cook University"", ""Ministry of Fisheries - Tonga""]",43127,Nomuka FHR 1,-20.269599,-174.7897,4,Tonga,NA,Semi-exposed,fringing,fore reef,NA,FHR_2011,NA,Haapai,56197,Haapai_Nomuka FHR 1_2018_Transect_3,NA,2018-08-21 09:30:00+00:00,Dive,4,3,4174596,DSCN2581.JPG,surveys/tonga-benthic-surveys/56197/77200b1b-b50d-4eb8-9f4c-6bb0eb69b416/DSCN2581.JPG,3456,4608,NA,NA,NA,FALSE,177904570,43,3445,NA,monti_enc,,hard coral,,Montipora,,,,"1822, 1187",NA,,,,
1429,Tonga Benthic Surveys,National benthic surveys,50-100cm,"[""Dive""]","[""Tonga""]","[""Photo transects""]","[""Pacific""]","[""James Cook University"", ""Ministry of Fisheries - Tonga""]",43068,Kelefesia 2,-20.499326,-174.744503,7,Tonga,NA,Exposed,fringing,fore reef,NA,SMA_2018,NA,Haapai,73902,Haapai_Kelefesia 2_2024_Transect_1,NA,2024-10-09 10:57:00+00:00,Dive,5,1,5104478,PA092538.JPG,surveys/tonga-benthic-surveys/73902/0a1b12fb-d2ff-4fcb-81f0-92faaf4a64b4/PA092538.JPG,3000,4000,NA,NA,NA,FALSE,224396030,8,3594,NA,ta,,algae,,Turf algae,,,,"2199, 2388",NA,,,,
1429,Tonga Benthic Surveys,National benthic surveys,50-100cm,"[""Dive""]","[""Tonga""]","[""Photo transects""]","[""Pacific""]","[""James Cook University"", ""Ministry of Fisheries - Tonga""]",43191,Ovaka SMA 4 (Village),-18.74075,-174.097,7,Tonga,NA,Semi-exposed,fringing,fore reef,NA,SMA_2008,NA,Vavau,74120,Vavau_Ovaka SMA 4 (Village)_2024_Transect_2,NA,2024-10-31 14:18:00+00:00,Dive,7,2,5111479,PA312761.JPG,surveys/tonga-benthic-surveys/74120/6309d9a8-0304-48a6-8e67-1c757ae619f1/PA312761.JPG,3000,4000,NA,NA,NA,FALSE,224740924,2,3594,NA,ta,,algae,,Turf algae,,,,"3000, 750",NA,,,,
1429,Tonga Benthic Surveys,National benthic surveys,50-100cm,"[""Dive""]","[""Tonga""]","[""Photo transects""]","[""Pacific""]","[""James Cook University"", ""Ministry of Fisheries - Tonga""]",43062,Hunga Vavau PSW 3,-18.69213333,-174.1383,6,Tonga,NA,Exposed,fringing,fore reef,NA,SMA_2017,NA,Vavau,73886,Vavau_Hunga Vavau PSW 3_2024_Transect_1,NA,2024-10-24 10:54:00+00:00,Dive,6,1,5103848,PA242517.JPG,surveys/tonga-benthic-surveys/73886/1f520931-d822-4cb0-a7b4-441aadd99f4e/PA242517.JPG,3000,4000,NA,NA,NA,FALSE,224366176,4,3594,NA,ta,,algae,,Turf algae,,,,"1000, 2250",NA,,,,
1429,Tonga Benthic Surveys,National benthic surveys,50-100cm,"[""Dive""]","[""Tonga""]","[""Photo transects""]","[""Pacific""]","[""James Cook University"", ""Ministry of Fisheries - Tonga""]",42978,Ata prison south,-21.05208,-175.02703,5,Tonga,NA,Sheltered,patch,fore reef,NA,Open,NA,Tongatapu,73410,Tongatapu_Ata prison south_2024_Transect_3,NA,2024-09-30 13:06:00+00:00,Dive,3,3,5096628,P9306513.JPG,surveys/tonga-benthic-surveys/73410/00140cce-c2f9-4d86-b457-c43cfb5d315f/P9306513.JPG,3000,4000,NA,NA,NA,FALSE,224011070,48,3537,NA,ma_sarg,,algae,,Sargassum,,,,"2806, 2373",NA,,,,
1429,Tonga Benthic Surveys,National benthic surveys,50-100cm,"[""Dive""]","[""Tonga""]","[""Photo transects""]","[""Pacific""]","[""James Cook University"", ""Ministry of Fisheries - Tonga""]",43048,Hakau Manu 3,-21.028808,-175.227747,6,Tonga,NA,Semi-exposed,patch,fore reef,NA,Open,NA,Tongatapu,55998,Tongatapu_Hakau Manu 3_2018_Transect_3,NA,2018-11-08 13:00:00+00:00,Dive,6,3,4169663,Hakau Manu 3 (56).JPG,surveys/tonga-benthic-surveys/55998/9d935773-d8c1-494d-9351-0e60dfc344aa/Hakau Manu 3 (56).JPG,3456,4608,NA,NA,NA,FALSE,177657839,12,3594,NA,ta,,algae,,Turf algae,,,,"2027, 2670",NA,,,,
1429,Tonga Benthic Surveys,National benthic surveys,50-100cm,"[""Dive""]","[""Tonga""]","[""Photo transects""]","[""Pacific""]","[""James Cook University"", ""Ministry of Fisheries - Tonga""]",43119,Muitoa FHR,-19.649342,-174.299849,7,Tonga,NA,Semi-exposed,fringing,fore reef,NA,FHR_2018,NA,Haapai,73979,Haapai_Muitoa FHR_2024_Transect_2,NA,2024-11-14 10:36:00+00:00,Dive,6,2,5107295,PB142091.JPG,surveys/tonga-benthic-surveys/73979/159db78f-05f0-4cc3-a6b1-141b0a024430/PB142091.JPG,3000,4000,NA,NA,NA,FALSE,224531937,15,3594,NA,ta,,algae,,Turf algae,,,,"2779, 503",NA,,,,
1429,Tonga Benthic Surveys,National benthic surveys,50-100cm,"[""Dive""]","[""Tonga""]","[""Photo transects""]","[""Pacific""]","[""James Cook University"", ""Ministry of Fisheries - Tonga""]",43233,Uiha FHR Far,-19.877276,-174.421743,3,Tonga,NA,Very Sheltered,fringing,fore reef,NA,FHR_2018,NA,Haapai,74243,Haapai_Uiha FHR Far_2024_Transect_4,NA,2024-10-12 08:31:00+00:00,Dive,1.5,4,5121159,PA122515.JPG,surveys/tonga-benthic-surveys/74243/77b9cb77-c84c-4ab4-838e-7eaf8dd290c9/PA122515.JPG,3000,4000,NA,NA,NA,FALSE,225223495,23,3534,NA,sand,,substrate,,Sand,,,,"1644, 1711",NA,,,,
1429,Tonga Benthic Surveys,National benthic surveys,50-100cm,"[""Dive""]","[""Tonga""]","[""Photo transects""]","[""Pacific""]","[""James Cook University"", ""Ministry of Fisheries - Tonga""]",43201,Port Maurelle,-18.70088333,-174.0287,6,Tonga,NA,Very Sheltered,fringing,fore reef,NA,Open,NA,Vavau,74195,Vavau_Port Maurelle_2024_Transect_4,NA,2024-09-03 09:30:00+00:00,Dive,4,4,5116314,P9030446.JPG,surveys/tonga-benthic-surveys/74195/8c122093-5ef6-42a4-a6a4-6ca772411168/P9030446.JPG,3000,4000,NA,NA,NA,FALSE,224981554,32,3534,NA,sand,,substrate,,Sand,,,,"466, 2312",NA,,,,
1429,Tonga Benthic Surveys,National benthic surveys,50-100cm,"[""Dive""]","[""Tonga""]","[""Photo transects""]","[""Pacific""]","[""James Cook University"", ""Ministry of Fisheries - Tonga""]",43101,Matafonua Bommie,-19.724087,-174.274592,3,Tonga,NA,Sheltered,patch,back reef,NA,SMA_2018,NA,Haapai,73948,Haapai_Matafonua Bommie_2024_Transect_3,NA,2024-11-16 12:50:00+00:00,Dive,2,3,5106289,IMG_0102.JPG,surveys/tonga-benthic-surveys/73948/76a9becf-c9b6-4a1d-995f-6c27da01d755/IMG_0102.JPG,3000,4000,NA,NA,NA,FALSE,224481649,27,3508,NA,porites_mas,,hard coral,,Porites,,,,"3203, 362",NA,,,,
1429,Tonga Benthic Surveys,National benthic surveys,50-100cm,"[""Dive""]","[""Tonga""]","[""Photo transects""]","[""Pacific""]","[""James Cook University"", ""Ministry of Fisheries - Tonga""]",43148,Ofu Bommie 1,-18.71608333,-173.9445667,5,Tonga,NA,Very Sheltered,patch,fore reef,NA,Open,NA,Vavau,55401,Vavau_Ofu Bommie 1_2017_Transect_2,NA,2017-10-27 10:00:00+00:00,Dive,5,2,4158754,(3098).JPG,surveys/tonga-benthic-surveys/55401/ce5e1c97-a30a-421d-9c6b-dca30e1ee980/(3098).JPG,3456,5184,NA,NA,NA,FALSE,177112744,17,3594,NA,ta,,algae,,Turf algae,,,,"4204, 2108",NA,,,,
1429,Tonga Benthic Surveys,National benthic surveys,50-100cm,"[""Dive""]","[""Tonga""]","[""Photo transects""]","[""Pacific""]","[""James Cook University"", ""Ministry of Fisheries - Tonga""]",43063,Hunga Vavau PSW 4 (lagoon),-18.69516667,-174.1294,6,Tonga,NA,Very Sheltered,patch,fore reef,NA,FHR_2017,NA,Vavau,55266,Vavau_Hunga Vavau PSW 4 (lagoon)_2017_Transect_2,NA,2017-10-10 12:30:00+00:00,Dive,6,2,4157448,(2780).JPG,surveys/tonga-benthic-surveys/55266/ed6d29d4-56e2-46ea-b5f3-27a2b5fa9227/(2780).JPG,3000,4000,NA,NA,NA,FALSE,177047450,23,3534,NA,sand,,substrate,,Sand,,,,"1352, 357",NA,,,,
1429,Tonga Benthic Surveys,National benthic surveys,50-100cm,"[""Dive""]","[""Tonga""]","[""Photo transects""]","[""Pacific""]","[""James Cook University"", ""Ministry of Fisheries - Tonga""]",43070,Kelefesia Open Control,-20.478811,-174.783666,6.5,Tonga,NA,Exposed,fringing,fore reef,NA,Open,NA,Haapai,56021,Haapai_Kelefesia Open Control_2018_Transect_3,NA,2018-10-29 13:00:00+00:00,Dive,6.5,3,4170714,DSCN9581.JPG,surveys/tonga-benthic-surveys/56021/aaa7a91d-5828-4323-bae3-8c5443065b22/DSCN9581.JPG,3456,4608,NA,NA,NA,FALSE,177710488,11,3594,NA,ta,,algae,,Turf algae,,,,"3472, 1243",NA,,,,
1429,Tonga Benthic Surveys,National benthic surveys,50-100cm,"[""Dive""]","[""Tonga""]","[""Photo transects""]","[""Pacific""]","[""James Cook University"", ""Ministry of Fisheries - Tonga""]",43031,Haafeva Bommie,-19.960709,-174.695525,6,Tonga,NA,Semi-exposed,fringing,fore reef,NA,Open,NA,Haapai,55880,Haapai_Haafeva Bommie_2018_Transect_1,NA,2018-08-04 14:30:00+00:00,Dive,6,1,4185426,IMG_4106.JPG,surveys/tonga-benthic-surveys/55880/4291808b-7957-4d97-b7aa-064f3aef6737/IMG_4106.JPG,3456,5184,NA,NA,NA,FALSE,178445099,22,3594,NA,ta,,algae,,Turf algae,,,,"3723, 495",NA,,,,
1429,Tonga Benthic Surveys,National benthic surveys,50-100cm,"[""Dive""]","[""Tonga""]","[""Photo transects""]","[""Pacific""]","[""James Cook University"", ""Ministry of Fisheries - Tonga""]",43043,Haatafu FHR Resort,-21.064712,-175.334528,8,Tonga,NA,Exposed,fringing,crest,NA,FHR_2017,NA,Tongatapu,55978,Tongatapu_Haatafu FHR Resort_2018_Transect_4,NA,2018-11-07 10:30:00+00:00,Dive,8,4,4168709,Haatafu FHR Resort (81).JPG,surveys/tonga-benthic-surveys/55978/edc73ab0-db90-4bfb-b906-1e365027bef7/Haatafu FHR Resort (81).JPG,3456,4608,NA,NA,NA,FALSE,177609909,44,3594,NA,ta,,algae,,Turf algae,,,,"4062, 1613",NA,,,,
1429,Tonga Benthic Surveys,National benthic surveys,50-100cm,"[""Dive""]","[""Tonga""]","[""Photo transects""]","[""Pacific""]","[""James Cook University"", ""Ministry of Fisheries - Tonga""]",43085,Lotofoa 1,-19.731164,-174.302479,5,Tonga,NA,Semi-exposed,fringing,fore reef,NA,Open,NA,Haapai,73921,Haapai_Lotofoa 1_2024_Transect_4,NA,2024-11-13 13:38:00+00:00,Dive,3.5,4,5105186,PB132517.JPG,surveys/tonga-benthic-surveys/73921/6336c823-480f-4df4-b378-28ae13563300/PB132517.JPG,3000,4000,NA,NA,NA,FALSE,224427596,24,3594,NA,ta,,algae,,Turf algae,,,,"1366, 2521",NA,,,,
1429,Tonga Benthic Surveys,National benthic surveys,50-100cm,"[""Dive""]","[""Tonga""]","[""Photo transects""]","[""Pacific""]","[""James Cook University"", ""Ministry of Fisheries - Tonga""]",43152,Ofu Tapana Point,-18.7215,-173.9627833,6,Tonga,NA,Very Sheltered,fringing,fore reef,NA,Open,NA,Vavau,55418,Vavau_Ofu Tapana Point_2017_Transect_1,NA,2017-10-28 11:00:00+00:00,Dive,6,1,4158922,(3246).JPG,surveys/tonga-benthic-surveys/55418/2bf5c12d-ee03-41e3-8e73-72d9d59a087f/(3246).JPG,3456,5184,NA,NA,NA,FALSE,177121018,1,3594,3558,ta,softcoral_mas,algae,soft_coral,Turf algae,Soft coral,,,"262.0, 465.0",NA,,,,TRAIN
1429,Tonga Benthic Surveys,National benthic surveys,50-100cm,"[""Dive""]","[""Tonga""]","[""Photo transects""]","[""Pacific""]","[""James Cook University"", ""Ministry of Fisheries - Tonga""]",43206,Sophs Reef,-20.2759,-174.801422,5,Tonga,NA,Sheltered,fringing,fore reef,NA,SMA_2011,NA,Haapai,55569,Haapai_Sophs Reef_2017_Transect_2,NA,2017-09-05 15:30:00+00:00,Dive,5,2,4160229,(3783).JPG,surveys/tonga-benthic-surveys/55569/5c23b342-233f-493b-83b1-44cbba767c6e/(3783).JPG,3000,4000,NA,NA,NA,FALSE,177186527,50,3558,NA,softcoral_mas,,soft_coral,,Soft coral,,,,"3427, 2528",NA,,,,
1429,Tonga Benthic Surveys,National benthic surveys,50-100cm,"[""Dive""]","[""Tonga""]","[""Photo transects""]","[""Pacific""]","[""James Cook University"", ""Ministry of Fisheries - Tonga""]",43093,Luaofa Island,-18.71826667,-174.0551667,6,Tonga,NA,Semi-exposed,patch,fore reef,NA,Open,NA,Vavau,73928,Vavau_Luaofa Island_2024_Transect_3,NA,2024-10-26 15:26:00+00:00,Dive,4,3,5105485,PA262846.JPG,surveys/tonga-benthic-surveys/73928/83833866-c4b8-46c2-8849-82cb4fc00431/PA262846.JPG,3000,4000,NA,NA,NA,FALSE,224441463,46,3594,NA,ta,,algae,,Turf algae,,,,"1205, 1957",NA,,,,
1429,Tonga Benthic Surveys,National benthic surveys,50-100cm,"[""Dive""]","[""Tonga""]","[""Photo transects""]","[""Pacific""]","[""James Cook University"", ""Ministry of Fisheries - Tonga""]",43213,Tao Mid,-21.017137,-175.010061,6,Tonga,NA,Semi-exposed,fringing,back reef,NA,Open,NA,Tongatapu,56364,Tongatapu_Tao Mid_2018_Transect_4,NA,2018-10-01 09:00:00+00:00,Dive,6,4,4177429,DSCN5728.JPG,surveys/tonga-benthic-surveys/56364/9cb64c8f-00a2-4efd-af49-b60991f34a8e/DSCN5728.JPG,3456,4608,NA,NA,NA,FALSE,178046200,23,3594,NA,ta,,algae,,Turf algae,,,,"3444, 1171",NA,,,,
1429,Tonga Benthic Surveys,National benthic surveys,50-100cm,"[""Dive""]","[""Tonga""]","[""Photo transects""]","[""Pacific""]","[""James Cook University"", ""Ministry of Fisheries - Tonga""]",43086,Lotofoa 2,-19.730926,-174.308354,5,Tonga,NA,Semi-exposed,fringing,fore reef,NA,Open,NA,Haapai,56069,Haapai_Lotofoa 2_2018_Transect_3,NA,2018-07-08 10:15:00+00:00,Dive,5,3,4171518,IMG_9116.JPG,surveys/tonga-benthic-surveys/56069/22d5372e-7b8e-4184-b33e-520e22c13825/IMG_9116.JPG,3456,5184,NA,NA,NA,FALSE,177750709,32,3594,NA,ta,,algae,,Turf algae,,,,"1471, 2034",NA,,,,
1429,Tonga Benthic Surveys,National benthic surveys,50-100cm,"[""Dive""]","[""Tonga""]","[""Photo transects""]","[""Pacific""]","[""James Cook University"", ""Ministry of Fisheries - Tonga""]",43062,Hunga Vavau PSW 3,-18.69213333,-174.1383,6,Tonga,NA,Exposed,fringing,fore reef,NA,SMA_2017,NA,Vavau,73886,Vavau_Hunga Vavau PSW 3_2024_Transect_1,NA,2024-10-24 10:54:00+00:00,Dive,6,1,5103854,PA242510.JPG,surveys/tonga-benthic-surveys/73886/a3d1e338-01ff-4d0a-ae14-ad6f802146b0/PA242510.JPG,3000,4000,NA,NA,NA,FALSE,224366399,27,3594,NA,ta,,algae,,Turf algae,,,,"471, 430",NA,,,,
1429,Tonga Benthic Surveys,National benthic surveys,50-100cm,"[""Dive""]","[""Tonga""]","[""Photo transects""]","[""Pacific""]","[""James Cook University"", ""Ministry of Fisheries - Tonga""]",43144,Nuku Outside 3,-21.098177,-175.038988,5,Tonga,NA,Exposed,fringing,fore reef,NA,Open,NA,Tongatapu,56252,Tongatapu_Nuku Outside 3_2018_Transect_3,NA,2018-10-07 11:30:00+00:00,Dive,5,3,4175466,DSCN7238.JPG,surveys/tonga-benthic-surveys/56252/08445d57-75ec-4b55-93a4-9fcb44ba608e/DSCN7238.JPG,3456,4608,NA,NA,NA,FALSE,177948158,47,3594,NA,ta,,algae,,Turf algae,,,,"2915, 362",NA,,,,
1429,Tonga Benthic Surveys,National benthic surveys,50-100cm,"[""Dive""]","[""Tonga""]","[""Photo transects""]","[""Pacific""]","[""James Cook University"", ""Ministry of Fisheries - Tonga""]",43102,Matafonua Village FHR,-19.729008,-174.293499,3,Tonga,NA,Very Sheltered,fringing,fore reef,NA,FHR_2018,NA,Haapai,73951,Haapai_Matafonua Village FHR_2024_Transect_2,NA,2024-11-13 12:11:00+00:00,Dive,3,2,5106383,PB132356.JPG,surveys/tonga-benthic-surveys/73951/7edfed4d-a2ce-4260-821b-a30ec4dd0717/PB132356.JPG,3000,4000,NA,NA,NA,FALSE,224486350,28,3594,NA,ta,,algae,,Turf algae,,,,"557, 895",NA,,,,
1429,Tonga Benthic Surveys,National benthic surveys,50-100cm,"[""Dive""]","[""Tonga""]","[""Photo transects""]","[""Pacific""]","[""James Cook University"", ""Ministry of Fisheries - Tonga""]",42975,American warf,-21.132926,-175.193947,3.5,Tonga,NA,Very Sheltered,fringing,fore reef,NA,Open,NA,Tongatapu,55665,Tongatapu_American warf_2018_Transect_4,NA,2018-09-17 12:00:00+00:00,Dive,3.5,4,4161791,DSCN5283.JPG,surveys/tonga-benthic-surveys/55665/57324906-744d-40e4-a6dc-5fb923ff4d22/DSCN5283.JPG,3456,4608,NA,NA,NA,FALSE,177264755,28,3534,NA,sand,,substrate,,Sand,,,,"3928, 1993",NA,,,,
1429,Tonga Benthic Surveys,National benthic surveys,50-100cm,"[""Dive""]","[""Tonga""]","[""Photo transects""]","[""Pacific""]","[""James Cook University"", ""Ministry of Fisheries - Tonga""]",43115,Military Island 1 TBU,-21.081231,-175.079874,5,Tonga,NA,Sheltered,fringing,fore reef,NA,Open,NA,Tongatapu,73972,Tongatapu_Military Island 1 TBU_2024_Transect_3,NA,2024-10-01 10:00:00+00:00,Dive,3.5,3,5107060,PA012065.JPG,surveys/tonga-benthic-surveys/73972/41d29b43-e787-497c-8a00-77d6d8286610/PA012065.JPG,3000,4000,NA,NA,NA,FALSE,224520208,36,3594,NA,ta,,algae,,Turf algae,,,,"748, 1099",NA,,,,
1429,Tonga Benthic Surveys,National benthic surveys,50-100cm,"[""Dive""]","[""Tonga""]","[""Photo transects""]","[""Pacific""]","[""James Cook University"", ""Ministry of Fisheries - Tonga""]",43018,Felemea SMA 1,-19.904041,-174.411561,2,Tonga,NA,Very Sheltered,fringing,fore reef,NA,SMA_2008,NA,Haapai,73822,Haapai_Felemea SMA 1_2024_Transect_1,NA,2024-10-12 13:52:00+00:00,Dive,2,1,5101307,PA122769.JPG,surveys/tonga-benthic-surveys/73822/ca5f6673-f2c0-464c-9c98-cc2e8bf078f3/PA122769.JPG,3000,4000,NA,NA,NA,FALSE,224242783,11,3558,NA,softcoral_mas,,soft_coral,,Soft coral,,,,"2907, 1727",NA,,,,
1429,Tonga Benthic Surveys,National benthic surveys,50-100cm,"[""Dive""]","[""Tonga""]","[""Photo transects""]","[""Pacific""]","[""James Cook University"", ""Ministry of Fisheries - Tonga""]",43102,Matafonua Village FHR,-19.729008,-174.293499,3,Tonga,NA,Very Sheltered,fringing,fore reef,NA,FHR_2018,NA,Haapai,56122,Haapai_Matafonua Village FHR_2018_Transect_3,NA,2018-07-09 09:00:00+00:00,Dive,3,3,4172836,IMG_9269.JPG,surveys/tonga-benthic-surveys/56122/aa1874f4-0b59-4c0e-8f1c-dce87f96807f/IMG_9269.JPG,3456,5184,NA,NA,NA,FALSE,177815854,27,3594,NA,ta,,algae,,Turf algae,,,,"4025, 1853",NA,,,,
1429,Tonga Benthic Surveys,National benthic surveys,50-100cm,"[""Dive""]","[""Tonga""]","[""Photo transects""]","[""Pacific""]","[""James Cook University"", ""Ministry of Fisheries - Tonga""]",43175,Outer Islands 3,-18.84805,-174.0073167,6,Tonga,NA,Exposed,fringing,fore reef,NA,Open,NA,Vavau,55483,Vavau_Outer Islands 3_2017_Transect_1,NA,2017-10-07 12:00:00+00:00,Dive,6,1,4159359,(2283).JPG,surveys/tonga-benthic-surveys/55483/31048d06-c3a7-43ba-a9b0-c6d7dfef8fb7/(2283).JPG,3000,4000,NA,NA,NA,FALSE,177143122,36,3594,NA,ta,,algae,,Turf algae,,,,"972, 2089",NA,,,,
1429,Tonga Benthic Surveys,National benthic surveys,50-100cm,"[""Dive""]","[""Tonga""]","[""Photo transects""]","[""Pacific""]","[""James Cook University"", ""Ministry of Fisheries - Tonga""]",43130,Nomuka Iki Channel,-20.275322,-174.795366,5,Tonga,NA,Semi-exposed,fringing,fore reef,NA,SMA_2011,NA,Haapai,56207,Haapai_Nomuka Iki Channel_2018_Transect_4,NA,2018-08-28 11:30:00+00:00,Dive,5,4,4174717,DSCN4625.JPG,surveys/tonga-benthic-surveys/56207/28a900a0-af01-4ad1-80e6-309ad43992bb/DSCN4625.JPG,3456,4608,NA,NA,NA,FALSE,177910466,39,3594,NA,ta,,algae,,Turf algae,,,,"4075, 1330",NA,,,,
1429,Tonga Benthic Surveys,National benthic surveys,50-100cm,"[""Dive""]","[""Tonga""]","[""Photo transects""]","[""Pacific""]","[""James Cook University"", ""Ministry of Fisheries - Tonga""]",42984,Atata SMA 3,-21.05897,-175.247049,5,Tonga,NA,Semi-exposed,fringing,fore reef,NA,SMA_2008,NA,Tongatapu,73433,Tongatapu_Atata SMA 3_2024_Transect_2,NA,2024-09-24 13:27:00+00:00,Dive,3.2,2,5097802,P9245183.JPG,surveys/tonga-benthic-surveys/73433/5197ef1b-5ad9-40a2-8657-3ced6594a028/P9245183.JPG,3000,4000,NA,NA,NA,FALSE,224069804,32,3594,NA,ta,,algae,,Turf algae,,,,"2805, 1935",NA,,,,
1429,Tonga Benthic Surveys,National benthic surveys,50-100cm,"[""Dive""]","[""Tonga""]","[""Photo transects""]","[""Pacific""]","[""James Cook University"", ""Ministry of Fisheries - Tonga""]",43111,Meama,-19.772167,-174.572333,8,Tonga,NA,Exposed,fringing,fore reef,NA,Open,NA,Haapai,56138,Haapai_Meama_2018_Transect_1,NA,2018-07-18 11:00:00+00:00,Dive,8,1,4173297,IMG_1155.JPG,surveys/tonga-benthic-surveys/56138/9474a469-046c-4662-b840-61c42e722044/IMG_1155.JPG,3456,5184,NA,NA,NA,FALSE,177839641,14,3558,NA,softcoral_mas,,soft_coral,,Soft coral,,,,"520, 1674",NA,,,,
